{
    "pools": [
      {
        "rolls": 1,
        "entries": [
          {
            "type": "minecraft:item",
            "name": "minecraft:diamond_axe",
            "functions": [
              {
                "function": "minecraft:set_nbt",
                "tag": "{CanDestroy:[\"minecraft:player_wall_head\"],display:{Name:'{\"text\":\"Топор\",\"color\":\"#FFEBCC\",\"italic\":false}'},HideFlags:46,Unbreakable:1b}"
              }
            ]
          }
        ]
      }
    ]
  }
  