{
  "pools": [
    {
      "rolls": 1,
      "entries": [
        {
          "type": "minecraft:item",
          "name": "minecraft:written_book",
          "functions": [
            {
              "function": "minecraft:set_nbt",
              "tag": "{pages:['[\"\",{\"text\":\"\\\\u041a\\\\u043e\\\\u043c\\\\u0430\\\\u043d\\\\u0434\\\\u0430 \"},{\"text\":\"\\\\u0421\\\\u041e\\\\u041a\",\"color\":\"blue\",\"clickEvent\":{\"action\":\"open_url\",\"value\":\"https://minecraft-inside.ru/user/COK/\"},\"hoverEvent\":{\"action\":\"show_text\",\"contents\":\"\\\\u041f\\\\u0435\\\\u0440\\\\u0435\\\\u0439\\\\u0442\\\\u0438 \\\\u0432 \\\\u043f\\\\u0440\\\\u043e\\\\u0444\\\\u0438\\\\u043b\\\\u044c Minecraft Inside\"}},{\"text\":\"\\\\n\",\"color\":\"reset\"},{\"text\":\"\\\\u043f\\\\u0440\\\\u0435\\\\u0437\\\\u0435\\\\u043d\\\\u0442\\\\u0443\\\\u0435\\\\u0442 \\\\u0412\\\\u0430\\\\u043c \\\\u043a\\\\u0430\\\\u0440\\\\u0442\\\\u0443\",\"color\":\"black\"},{\"text\":\"\\\\n\\\\n\",\"color\":\"reset\"},{\"text\":\"    «\"},{\"text\":\"\\\\u0423\\\\u0433\\\\u0430\\\\u0434\\\\u0430\\\\u0439, \\\\u041a\\\\u0442\\\\u043e?\",\"color\":\"#D2254C\"},{\"text\":\"»\\\\n\\\\n\",\"color\":\"reset\"},{\"text\":\"\\\\u0426\\\\u0435\\\\u043b\\\\u044c \\\\u0438\\\\u0433\\\\u0440\\\\u044b:\",\"color\":\"blue\"},{\"text\":\" \\\\u043e\\\\u0442\\\\u0433\\\\u0430\\\\u0434\\\\u0430\\\\u0442\\\\u044c \\\\u043a\\\\u043e\\\\u0433\\\\u043e \\\\u0437\\\\u0430\\\\u0433\\\\u0430\\\\u0434\\\\u0430\\\\u043b \\\\u0412\\\\u0430\\\\u0448 \\\\u0441\\\\u043e\\\\u043f\\\\u0435\\\\u0440\\\\u043d\\\\u0438\\\\u043a.\\\\n\\\\n\\\\u041a\\\\u0430\\\\u0440\\\\u0442\\\\u0430 \\\\u0432\\\\u0435\\\\u0440\\\\u0441\\\\u0438\\\\u0438 \",\"color\":\"black\"},{\"text\":\"1.17+\",\"color\":\"blue\"},{\"text\":\"\\\\n\",\"color\":\"reset\"},{\"text\":\"\\\\u0414\\\\u043b\\\\u044f \",\"color\":\"black\"},{\"text\":\"\\\\u0434\\\\u0432\\\\u0443\\\\u0445\",\"color\":\"dark_red\"},{\"text\":\" \\\\u0438\\\\u0433\\\\u0440\\\\u043e\\\\u043a\\\\u043e\\\\u0432.\",\"color\":\"black\"}]','[\"\",{\"text\":\"\\\\u041a\\\\u043e\\\\u043d\\\\u0442\\\\u0430\\\\u043a\\\\u0442\\\\u044b \\\\u0434\\\\u043b\\\\u044f \\\\u0441\\\\u0432\\\\u044f\\\\u0437\\\\u0438:\",\"bold\":true},{\"text\":\"\\\\n\\\\n\",\"color\":\"reset\"},{\"text\":\"_appleks_\",\"bold\":true,\"color\":\"black\"},{\"text\":\"\\\\n\",\"color\":\"reset\"},{\"text\":\"\\\\u0412\\\\u041a\\\\u043e\\\\u043d\\\\u0442\\\\u0430\\\\u043a\\\\u0442\\\\u0435\",\"color\":\"blue\",\"clickEvent\":{\"action\":\"open_url\",\"value\":\"https://vk.com/olexic\"},\"hoverEvent\":{\"action\":\"show_text\",\"contents\":\"\\\\u041f\\\\u0435\\\\u0440\\\\u0435\\\\u0439\\\\u0442\\\\u0438\"}},{\"text\":\"\\\\n\\\\n\",\"color\":\"reset\"},{\"text\":\"ItzLIK\",\"bold\":true},{\"text\":\"\\\\n\",\"color\":\"reset\"},{\"text\":\"\\\\u0412\\\\u041a\\\\u043e\\\\u043d\\\\u0442\\\\u0430\\\\u043a\\\\u0442\\\\u0435\",\"color\":\"blue\",\"clickEvent\":{\"action\":\"open_url\",\"value\":\"https://vk.com/miroslav_x\"},\"hoverEvent\":{\"action\":\"show_text\",\"contents\":\"\\\\u041f\\\\u0435\\\\u0440\\\\u0435\\\\u0439\\\\u0442\\\\u0438\"}},{\"text\":\"\\\\n\",\"color\":\"reset\",\"hoverEvent\":{\"action\":\"show_text\",\"contents\":\"\\\\u041f\\\\u0435\\\\u0440\\\\u0435\\\\u0439\\\\u0442\\\\u0438\"}},{\"text\":\"YouTube\",\"color\":\"red\",\"clickEvent\":{\"action\":\"open_url\",\"value\":\"https://www.youtube.com/c/Mirikplay\"},\"hoverEvent\":{\"action\":\"show_text\",\"contents\":\"\\\\u041f\\\\u0435\\\\u0440\\\\u0435\\\\u0439\\\\u0442\\\\u0438\"}},{\"text\":\"\\\\n\\\\n\",\"color\":\"reset\"},{\"text\":\"Injent\",\"bold\":true},{\"text\":\"\\\\n\",\"color\":\"reset\"},{\"text\":\"\\\\u041f\\\\u043e\\\\u0447\\\\u0442\\\\u0430:\",\"color\":\"dark_gray\"},{\"text\":\" injent@vk.com\",\"color\":\"blue\"}]'],title:\"Информация\",author:\"СОК\"}"
            }
          ]
        }
      ]
    }
  ]
}
