{
  "pools": [
    {
      "rolls": 1,
      "entries": [
        {
          "type": "minecraft:item",
          "name": "minecraft:player_head",
          "functions": [
            {
              "function": "minecraft:set_nbt",
              "tag": "{SkullOwner:{Id:[I;-220105478,1983266837,-2086864237,1808361543],Properties:{textures:[{Value:\"eyJ0ZXh0dXJlcyI6eyJTS0lOIjp7InVybCI6Imh0dHA6Ly90ZXh0dXJlcy5taW5lY3JhZnQubmV0L3RleHR1cmUvZDJkYWE2YmZiZWYyMDQ0MTk3NmIxZTUxNzk2MmUyNzQ0NGRiYjBhZmVmN2VlYjkwMWQzZWNmNjhjMWViNDllNiJ9fX0=\"}]}}}"
            }
          ]
        }
      ]
    }
  ]
}
