{
  "pools": [
    {
      "rolls": 1,
      "entries": [
        {
          "type": "minecraft:item",
          "name": "minecraft:player_head",
          "functions": [
            {
              "function": "minecraft:set_nbt",
              "tag": "{SkullOwner:{Id:[I;-2020470216,1441549591,-1173595287,339813162],Properties:{textures:[{Value:\"eyJ0ZXh0dXJlcyI6eyJTS0lOIjp7InVybCI6Imh0dHA6Ly90ZXh0dXJlcy5taW5lY3JhZnQubmV0L3RleHR1cmUvOTQ3MmM5ZDYyOGJiMzIyMWVmMzZiNGNiZDBiOWYxNWVkZDU4ZTU4NjgxODUxNGQ3ZTgyM2Q1NWM0OGMifX19\"}]}}}"
            }
          ]
        }
      ]
    }
  ]
}
