{
  "pools": [
    {
      "rolls": 1,
      "entries": [
        {
          "type": "minecraft:item",
          "name": "minecraft:player_head",
          "functions": [
            {
              "function": "minecraft:set_nbt",
              "tag": "{SkullOwner:{Id:[I;-763586799,-1368504991,-1613143890,1937471535],Properties:{textures:[{Value:\"eyJ0ZXh0dXJlcyI6eyJTS0lOIjp7InVybCI6Imh0dHA6Ly90ZXh0dXJlcy5taW5lY3JhZnQubmV0L3RleHR1cmUvZWZkMDE0MTEzYzQ1Yjk3OTE5MTdjMjRkYzBjMGEzMDRlODBmMWE1Njc0MTMwYmI1MTcyNGRjMTMwMzBlNDBiNSJ9fX0=\"}]}}}"
            }
          ]
        }
      ]
    }
  ]
}
