{
  "pools": [
    {
      "rolls": 1,
      "entries": [
        {
          "type": "minecraft:item",
          "name": "minecraft:player_head",
          "functions": [
            {
              "function": "minecraft:set_nbt",
              "tag": "{SkullOwner:{Id:[I;1254212649,-483833759,-1311324995,-452975911],Properties:{textures:[{Value:\"eyJ0ZXh0dXJlcyI6eyJTS0lOIjp7InVybCI6Imh0dHA6Ly90ZXh0dXJlcy5taW5lY3JhZnQubmV0L3RleHR1cmUvZGViNDYxMjY5MDQ0NjNmMDdlY2ZjOTcyYWFhMzczNzNhMjIzNTliNWJhMjcxODIxYjY4OWNkNTM2N2Y3NTc2MiJ9fX0=\"}]}}}"
            }
          ]
        }
      ]
    }
  ]
}
