{
  "pools": [
    {
      "rolls": 1,
      "entries": [
        {
          "type": "minecraft:item",
          "name": "minecraft:player_head",
          "functions": [
            {
              "function": "minecraft:set_nbt",
              "tag": "{SkullOwner:{Id:[I;-314419816,-359185878,-1841712886,-1352782734],Properties:{textures:[{Value:\"eyJ0ZXh0dXJlcyI6eyJTS0lOIjp7InVybCI6Imh0dHA6Ly90ZXh0dXJlcy5taW5lY3JhZnQubmV0L3RleHR1cmUvMjRhY2E4OWVlYmE1NGVkOTg1OGE5N2I5OTU4NWEzZDNiODNjNGZjMzU0MTA4OTQ4ZTFkYTE1YzdlNDc0MTBhIn19fQ==\"}]}}}"
            }
          ]
        }
      ]
    }
  ]
}
