{
  "pools": [
    {
      "rolls": 1,
      "entries": [
        {
          "type": "minecraft:item",
          "name": "minecraft:player_head",
          "functions": [
            {
              "function": "minecraft:set_nbt",
              "tag": "{SkullOwner:{Id:[I;-928966252,-458210951,-1819838108,-1123109069],Properties:{textures:[{Value:\"eyJ0ZXh0dXJlcyI6eyJTS0lOIjp7InVybCI6Imh0dHA6Ly90ZXh0dXJlcy5taW5lY3JhZnQubmV0L3RleHR1cmUvYjQzNTNmZDBmODYzMTQzNTM4NzY1ODYwNzViOWJkZjBjNDg0YWFiMDMzMWI4NzJkZjExYmQ1NjRmY2IwMjllZCJ9fX0=\"}]}}}"
            }
          ]
        }
      ]
    }
  ]
}
