{"stats":{"minecraft:used":{"minecraft:diamond_axe":504,"minecraft:player_head":20},"minecraft:dropped":{"minecraft:player_head":1},"minecraft:mined":{"minecraft:player_wall_head":508},"minecraft:custom":{"minecraft:jump":54,"minecraft:time_since_rest":223056,"minecraft:crouch_one_cm":205,"minecraft:leave_game":8,"minecraft:play_time":223056,"minecraft:sprint_one_cm":40272,"minecraft:time_since_death":223056,"minecraft:walk_one_cm":72601,"minecraft:sneak_time":74,"minecraft:total_world_time":223056,"minecraft:fly_one_cm":24633,"minecraft:drop":1,"minecraft:open_chest":23}},"DataVersion":3465}