{"stats":{"minecraft:mined":{"minecraft:player_wall_head":84},"minecraft:used":{"minecraft:diamond_axe":84,"minecraft:player_head":2},"minecraft:custom":{"minecraft:jump":256,"minecraft:open_chest":11,"minecraft:time_since_rest":49411,"minecraft:crouch_one_cm":1327,"minecraft:leave_game":1,"minecraft:sprint_one_cm":38099,"minecraft:play_time":49411,"minecraft:walk_on_water_one_cm":314,"minecraft:time_since_death":49411,"minecraft:walk_one_cm":63326,"minecraft:sneak_time":956,"minecraft:total_world_time":49411,"minecraft:walk_under_water_one_cm":287,"minecraft:fall_one_cm":12888,"minecraft:fly_one_cm":166451}},"DataVersion":3465}