{"stats":{"minecraft:picked_up":{"minecraft:lime_terracotta":1,"minecraft:conduit":1,"minecraft:black_stained_glass_pane":41,"minecraft:diamond_axe":1,"minecraft:player_head":164},"minecraft:mined":{"minecraft:player_wall_head":1802},"minecraft:dropped":{"minecraft:player_head":13,"minecraft:diamond_axe":1,"minecraft:conduit":1,"minecraft:written_book":4},"minecraft:used":{"minecraft:green_concrete":1,"minecraft:black_wool":5,"minecraft:command_block":38,"minecraft:flint_and_steel":1,"minecraft:light_gray_concrete":24,"minecraft:spruce_wood":21,"minecraft:barrier":35,"minecraft:armor_stand":3,"minecraft:brown_wool":1,"minecraft:stone_button":4,"minecraft:green_wool":6,"minecraft:blue_wool":7,"minecraft:ender_pearl":44,"minecraft:chest":14,"minecraft:gray_concrete_powder":3,"minecraft:magenta_concrete_powder":4,"minecraft:blue_concrete_powder":5,"minecraft:diamond_axe":1781,"minecraft:stone_brick_stairs":18,"minecraft:calibrated_sculk_sensor":1,"minecraft:player_head":330,"minecraft:structure_block":12,"minecraft:sculk_sensor":1,"minecraft:conduit":2,"minecraft:green_terracotta":4,"minecraft:white_wool":18,"minecraft:iron_chestplate":1,"minecraft:light_gray_wool":3,"minecraft:green_glazed_terracotta":10,"minecraft:lime_terracotta":15,"minecraft:anvil":1,"minecraft:magenta_wool":11,"minecraft:written_book":6,"minecraft:stripped_oak_wood":1,"minecraft:spruce_stairs":1,"minecraft:green_concrete_powder":10,"minecraft:sculk_shrieker":1,"minecraft:oak_wood":45,"minecraft:stripped_cherry_log":1,"minecraft:gray_wool":5},"minecraft:custom":{"minecraft:time_since_rest":245675,"minecraft:sprint_one_cm":931652,"minecraft:damage_taken":3040,"minecraft:walk_one_cm":1777918,"minecraft:interact_with_anvil":65,"minecraft:drop":19,"minecraft:damage_dealt":0,"minecraft:tune_noteblock":20,"minecraft:fly_one_cm":1815178,"minecraft:open_chest":496,"minecraft:crouch_one_cm":9210,"minecraft:play_time":1716291,"minecraft:deaths":21,"minecraft:sneak_time":7513,"minecraft:walk_under_water_one_cm":53,"minecraft:jump":4742,"minecraft:walk_on_water_one_cm":1038,"minecraft:leave_game":53,"minecraft:time_since_death":245675,"minecraft:climb_one_cm":1833,"minecraft:total_world_time":1802555,"minecraft:damage_resisted":272,"minecraft:fall_one_cm":223485}},"DataVersion":3465}