{"stats":{"minecraft:mined":{"minecraft:player_wall_head":2270},"minecraft:dropped":{"minecraft:stripped_spruce_log":1,"minecraft:diamond_axe":424,"minecraft:cherry_log":1,"minecraft:smooth_quartz_stairs":1,"minecraft:lime_terracotta":4,"minecraft:barrier":5,"minecraft:jungle_wood":1,"minecraft:command_block":1,"minecraft:frogspawn":3,"minecraft:quartz_pillar":1,"minecraft:spruce_stairs":2,"minecraft:cyan_terracotta":2,"minecraft:cherry_sign":2,"minecraft:brown_concrete_powder":1,"minecraft:cherry_trapdoor":1,"minecraft:wooden_axe":5,"minecraft:smooth_quartz":4,"minecraft:cherry_planks":1,"minecraft:cherry_leaves":3,"minecraft:green_carpet":2,"minecraft:chain":1,"minecraft:black_concrete":1,"minecraft:pink_petals":2,"minecraft:pink_glazed_terracotta":1,"minecraft:gray_carpet":1,"minecraft:magenta_banner":3,"minecraft:spyglass":77,"minecraft:player_head":11,"minecraft:andesite_slab":1,"minecraft:netherite_sword":1,"minecraft:blue_wool":4,"minecraft:bamboo_sign":3,"minecraft:structure_block":1,"minecraft:light_gray_carpet":1,"minecraft:stone_stairs":1,"minecraft:light_gray_concrete":5,"minecraft:mangrove_sign":1,"minecraft:shulker_box":1,"minecraft:mushroom_stem":1,"minecraft:cyan_wool":64,"minecraft:stone":1,"minecraft:spruce_trapdoor":2,"minecraft:andesite":1,"minecraft:chest":1,"minecraft:andesite_stairs":3,"minecraft:spruce_wood":3,"minecraft:leather_leggings":1,"minecraft:stone_bricks":4,"minecraft:birch_sign":3,"minecraft:gray_concrete_powder":1,"minecraft:magenta_concrete_powder":2,"minecraft:spruce_slab":3,"minecraft:calcite":1,"minecraft:green_concrete_powder":3,"minecraft:stone_brick_stairs":3,"minecraft:written_book":2,"minecraft:magenta_wool":3,"minecraft:cyan_concrete_powder":64,"minecraft:black_wool":1},"minecraft:picked_up":{"minecraft:wooden_axe":1,"minecraft:leather_leggings":1,"minecraft:calcite":1,"minecraft:player_head":89,"minecraft:spruce_slab":1,"minecraft:green_concrete_powder":1,"minecraft:jungle_wood":1,"minecraft:black_stained_glass_pane":30,"minecraft:shulker_box":3,"minecraft:diamond_axe":424,"minecraft:andesite_slab":1},"minecraft:used":{"minecraft:orange_dye":1,"minecraft:moss_carpet":6,"minecraft:netherite_sword":1,"minecraft:spruce_slab":30,"minecraft:bone_block":14,"minecraft:ladder":1,"minecraft:bamboo_sign":2,"minecraft:light_gray_carpet":34,"minecraft:oak_sign":1,"minecraft:spruce_planks":106,"minecraft:white_concrete_powder":9,"minecraft:chest":5,"minecraft:stone":258,"minecraft:player_head":220,"minecraft:structure_block":3,"minecraft:spyglass":32,"minecraft:anvil":3,"minecraft:white_carpet":34,"minecraft:light_blue_dye":1,"minecraft:spruce_stairs":77,"minecraft:stone_stairs":218,"minecraft:shulker_box":3,"minecraft:pink_dye":1,"minecraft:pink_carpet":9,"minecraft:glow_lichen":1,"minecraft:spruce_fence":60,"minecraft:cyan_wool":2,"minecraft:stripped_spruce_log":137,"minecraft:stone_brick_slab":10,"minecraft:honeycomb":10,"minecraft:quartz_pillar":6,"minecraft:spruce_wood":26,"minecraft:cherry_slab":114,"minecraft:polished_andesite_stairs":7,"minecraft:green_wool":7,"minecraft:cherry_trapdoor":4,"minecraft:cherry_button":2,"minecraft:cherry_leaves":79,"minecraft:smooth_quartz":11,"minecraft:pink_wool":12,"minecraft:pink_stained_glass_pane":2,"minecraft:stone_brick_stairs":80,"minecraft:stone_bricks":87,"minecraft:blue_banner":2,"minecraft:black_stained_glass":8,"minecraft:magenta_wool":2,"minecraft:written_book":9,"minecraft:white_stained_glass_pane":3,"minecraft:cyan_concrete_powder":3,"minecraft:egg":1,"minecraft:pink_concrete_powder":9,"minecraft:cherry_log":3,"minecraft:brown_concrete_powder":6,"minecraft:leather_leggings":9,"minecraft:spruce_door":2,"minecraft:birch_planks":53,"minecraft:gray_carpet":2,"minecraft:polished_andesite":6,"minecraft:blue_wool":596,"minecraft:andesite_slab":11,"minecraft:leather_chestplate":14,"minecraft:cherry_planks":13,"minecraft:blue_concrete_powder":20,"minecraft:white_dye":12,"minecraft:diamond_axe":2252,"minecraft:glow_ink_sac":15,"minecraft:smooth_quartz_stairs":7,"minecraft:white_wool":37,"minecraft:mossy_cobblestone":5,"minecraft:brown_dye":2,"minecraft:lime_terracotta":7,"minecraft:crafting_table":2,"minecraft:birch_sign":5,"minecraft:painting":7,"minecraft:magenta_carpet":4,"minecraft:mushroom_stem":12,"minecraft:purple_concrete_powder":3,"minecraft:green_concrete":5,"minecraft:yellow_dye":1,"minecraft:black_concrete":10,"minecraft:light_gray_concrete":92,"minecraft:command_block":9,"minecraft:birch_slab":63,"minecraft:oak_button":1,"minecraft:barrier":68,"minecraft:brown_wool":6,"minecraft:stone_button":1,"minecraft:spruce_trapdoor":80,"minecraft:magenta_concrete_powder":2,"minecraft:cherry_sign":24,"minecraft:flowering_azalea_leaves":23,"minecraft:magenta_banner":6,"minecraft:blue_carpet":63,"minecraft:green_carpet":17,"minecraft:cobblestone":74,"minecraft:cherry_stairs":19,"minecraft:azalea_leaves":81,"minecraft:andesite_stairs":187,"minecraft:white_stained_glass":14,"minecraft:green_concrete_powder":2,"minecraft:andesite":61,"minecraft:chain":4,"minecraft:stripped_cherry_log":13,"minecraft:purple_wool":2,"minecraft:birch_stairs":6},"minecraft:custom":{"minecraft:interact_with_anvil":78,"minecraft:mob_kills":1,"minecraft:interact_with_crafting_table":27,"minecraft:open_shulker_box":12,"minecraft:leave_game":48,"minecraft:time_since_death":204817,"minecraft:damage_resisted":202,"minecraft:climb_one_cm":1301,"minecraft:sprint_one_cm":3599401,"minecraft:walk_one_cm":2638113,"minecraft:drop":622,"minecraft:play_time":3791850,"minecraft:deaths":11,"minecraft:sneak_time":75303,"minecraft:walk_under_water_one_cm":182,"minecraft:jump":19819,"minecraft:walk_on_water_one_cm":5128,"minecraft:total_world_time":3805108,"minecraft:tune_noteblock":1,"minecraft:time_since_rest":204818,"minecraft:damage_taken":960,"minecraft:damage_dealt":40,"minecraft:fly_one_cm":14625673,"minecraft:swim_one_cm":803,"minecraft:open_chest":508,"minecraft:crouch_one_cm":44871,"minecraft:fall_one_cm":743317},"minecraft:killed":{"minecraft:chicken":1},"minecraft:crafted":{"minecraft:leather_leggings":5,"minecraft:leather_boots":3,"minecraft:leather_chestplate":8}},"DataVersion":3465}